企業名,サービス名,サービス概要,ローンチ日,url
サイバーエージェント,ABEMA,"新しい未来のテレビとして展開する動画配信事業。国内唯一の緊急・速報をはじめとした24時間編成のニュース専門チャンネルや、オリジナルのドラマや恋愛リアリティーショー、アニメ、スポーツなど、多彩な番組をお楽しみいただけます。また、オリジナルエピソード数は国内発の動画サービスで日本No.1を誇り、総エピソード数は常時26,000本以上を配信。登録は不要で、スマートフォンやPC、タブレット、主要なテレビデバイスにも対応し、いつでもどこでも、様々なシチュエーションで利用することができる。さらに、通信量を半分に削減可能な「通信量節約モード」や、放送中の番組を最初から視聴することができる「追っかけ再生機能」など、利便性を高めるための取り組みも積極的に行う。",201604,https://abema.tv/
サイバーエージェント,Ameba,"国内最大規模のブログサービス「Amebaブログ」や、最新の芸能ニュースやゲームを無料で楽むことができる。「Ameba」でオフィシャルブログを展開する芸能人・有名人は20,000人を超え、ブログで発信される情報からたくさんの新たな記事や話題が生まれている。",,https://ameblo.jp/
サイバーエージェント,タップル,"グルメ・映画・スポーツなど共通の趣味からパートナーを探せるマッチングアプリです。2014年5月のサービス開始から、会員数は1,700万人を突破、累計マッチング成立数は5億組を超え、20代の2人に1人が利用経験のあるアプリ※3として、恋活中の若い世代を中心に利用されている。
安心・安全への対策は業界でも高い基準を設けており、24時間365日の監視パトロールや公的身分証明書による本人確認、AIを用いた不正利用者の早期検知システム、万が一のトラブルに対するLINE電話によるカスタマーサポートなどを提供している。",,https://tapple.me/
サイバーエージェント,AWA,"月額980円で、世界中の音楽1億曲以上を聴き放題。オフライン再生やイコライザーなどきめ細やかな機能や、プレイリストの気軽な共有、音声ライブ配信やチャットによる音楽共有空間""ラウンジ""が特徴。",,https://awa.fm/
サイバーエージェント,WINTICKET,競輪・オートレースの投票サービス「WINTICKET（ウィンチケット ）」は競輪の車券を購入できるインターネット投票サービスの他、AIや有名タレントの予想や、競輪選手データ、レース予定・結果など投票に役立つデータを提供。競輪場のライブ映像も無料配信。新しい未来のテレビ「ABEMA（アベマ）」にて「競輪・オートレースチャンネル」を開設し、現在ファンである方はもちろん、これまで競輪やオートレースにあまり触れることの無かった若い世代の方にもその面白さを伝えることを目指し、競輪・オートレースのレース中継やミッドナイト競輪を中心とした特別番組を制作・配信している。,,https://www.winticket.jp/
サイバーエージェント,N organic,さまざまなブランドを取り扱う通販サイト「シロクショップ」を運営,,https://sirok.jp/norganic
DeNA,Mobage,ゲームやアバターなどのエンターテインメントのほか、コミュニティ機能や便利ツールがスマートフォンで楽しめるゲームプラットフォームです。,,https://www.mbga.jp/
DeNA,AndApp,スマートフォン向けゲームをPCで遊ぶことができるプラットフォームです。スマートフォン版のデータと連動したゲームをPC上で配信しています,,https://www.andapp.jp/
DeNA,Pococha,様々な個性あふれる「ライバー」と、視聴者である「リスナー」が双方向コミュニケーションを気軽に楽しむことができるライブ配信アプリです。,,https://www.pococha.com/ja-jp
DeNA,Voice Pococha,顔を出す必要がないため容姿や年齢、性別を気にすることなく自分を中心としたコミュニティを形成することができる、音声ライブ配信アプリです。,,https://www.voice-pococha.com/
DeNA,IRIAM,1台のスマホと1枚のイラストだけで、いつでも・どこでも「キャラクターライブ配信」を楽しめるアプリです。,,https://www.live.iriam.com/
DeNA,SHOWROOM,インターネット上でアイドルやタレントなどのライブパフォーマンスを配信する仮想ライブ空間です。,,https://www.showroom-live.com/
DeNA,MYCODE,一般消費者向け遺伝子検査サービスです。唾液採取をして返送すると、最大280の検査項目に関する情報と食生活などに関するアドバイスを提供します。,,https://mycode.jp/
DeNA,kencom,健康保険組合や自治体等で導入され、利用者の健康診断結果や楽しく健康増進を促進する仕組みを取り入れたヘルスケアエンターテインメントアプリです。,,https://kencom.jp/login
DeNA,ハレトケ,無料会員登録で毎日が豊かになる厳選された特典が得られる、主にミレニアル世代の女性を応援するwebサービスです。暮らしに役立つ記事も読めます。,,https://hareto-ke.jp/
DeNA,カラダモ,ゲーミフィケーションや楽しく継続してもらう仕組みを活用し、体に良い行動の習慣化を促すことで、健康的なダイエットをサポートするアプリです。,,https://caradamo.jp/
DeNA,ONSEI,音声から音声特徴量を抽出しAIが解析することで、認知機能の変化をチェックするアプリです。,,https://systems.nippontect.co.jp/products/onsei/
DeNA,MENKYO,高齢者運転免許更新時の認知機能検査を、紙ではなくタブレットで実施できるようにしたシステムで、効率化が期待されます。,,https://systems.nippontect.co.jp/products/menkyo/
DeNA,SHINRI-ADAS,抗認知症薬の治験にも採用された、薬効評価に最適な認知機能検査「ADAS-Jcog.」をタブレットやＰＣで実施できるようにしたクラウドシステムです。,,https://systems.nippontect.co.jp/products/shinri-adas/
DeNA,MRI-TAISEKI,MRIで撮像した脳のDICOM画像を解析し133の脳部位に分割し、各部位の体積を測定するシステム。医療機器プログラムとして認証されています。,,https://systems.nippontect.co.jp/products/mri-taiseki/
DeNA,Join,"高セキュリティ環境下でリアルタイムに情報共有ができる、医療関係者間コミュニケーションアプリです。
PACS（医療用画像管理システム）などと連携し、医療情報を共有することで、遠隔診療に活用されています。",,https://www.allm.net/join/
DeNA,MySOS,"自身や家族の健康・医療記録を行い、救急時にスムーズな対応を支援する、救命・健康サポートアプリです。
日々の健康管理、応急手当や救援依頼、医療関係者への情報伝達や緊急連絡ができます。",,https://www.allm.net/mysos/
DeNA,Team,医療・介護サービスをシームレスに繋ぐ、多職種連携ソリューションです。タブレット端末で訪問看護・介護の記録ができ、クラウドで多職種間でのリアルタイムな情報共有を可能にすることで、業務効率化を実現します。,,https://www.allm.net/team/
DeNA,JoinTriage,臨床効果が証明されたアルゴリズムを使用して、瞬時に正確なトリアージを提供し、距離や必要な治療法に基づいて適切な搬送先医療機関を救急隊員に推奨する、救急搬送トリアージアプリです。,,https://www.allm.net/jointriage/
DeNA,Enroll,患者への治験の案内と治験実施医療機関への紹介を促進する患者リクルートメントソリューションです。適格性判定チェックリストと医用画像を医療関係者へ情報共有し、患者の紹介・相談をサポートします。,,https://www.allm.net/enroll/
DeNA,モバオク,いつでもどこからでも出品・落札ができるインターネットオークションサイトで、ファッションアイテムを中心に常時幅広くラインナップされています。,,https://www.mbok.jp/
DeNA,Anyca,クルマを使わない時にシェアしたいオーナーと必要なときに好みのクルマを使いたいドライバーをマッチングするカーシェアサービスです。,,https://anyca.net/
DeNA,SOMPOで乗ーる,車検、保険料なども含めたシンプルな料金設定と、ＳＯＭＰＯならではの安心・安全を提供する、ＳＯＭＰＯとDeNAのマイカーリースサービスです。,,https://sompo-de-noru.jp/
DeNA,FACTEV,お客さまごとに異なるEVの性能や導入効果など、真の実力を、データでわかりやすく「見える化」し、脱炭素とEV普及を実現します。,,https://www.factev.com/
DeNA,バーチャル警備システム,セコムと共同開発した、バーチャルキャラクターが常駐警備を提供するセキュリティシステム。AIを搭載した「バーチャル警備員」が警戒監視や受付業務などを提供します。,,https://www.secom.co.jp/innovation/designfactory/#project04
DeNA,あのね,セコムと共同開発した、ロボットを使ったシニア向けのコミュニケーションサービス。いつも誰かとつながっている安心感を感じていただき、孤独解消を手助けします。,,https://www.secom.co.jp/mimamori/anone/
DeNA,dot-i,セコムと共同開発した、セキュリティシステムのカメラ映像を利用したウェブアプリケーションサービス。店舗や施設の効率的な運営やサービス品質の向上に役立てることができます。,,https://www.secom.co.jp/business/security/dot-i.html
DeNA,Coopel,プログラミング経験がなくても業務の効率化ができ、安価のうえリモートワーク環境下でもロボットの共有や監視が容易なクラウド型RPAサービスです。,,https://coopel.ai/
DeNA,マンガボックス,人気マンガの新作連載が無料で読めるアプリです。独自の編集部にてオリジナル作品の創出を行い、作品の映像化や新人作家の育成にも注力しています。,,https://www.mangabox.me/
DeNA,Easy Ride,「もっと自由な移動を」をコンセプトに、日産と共同で開発を開始した、自動運転技術を活用した新しい交通サービスです。,,https://easy-ride.com/
DeNA,PLAYBACK 9,横浜DeNAベイスターズの試合の名シーンを球団公式のデジタルムービーとして購入し、コレクションできるNFTを活用したサービスです。,,https://playback9.jp/login
DeNA,PICKFIVE,川崎ブレイブサンダースが提供する、試合で活躍する選手を予想して楽しむことができるNFTを活用したカードゲームです。,,https://pickfive.jp/login
DeNA,NFTコレクション,『ゲームファンのための宝物』をコンセプトに、制作されたゲーム内や作品内のデジタルコンテンツをNFTと紐づかせてコレクションできるサービスです。,,https://nft-collection.jp/landing
メルカリ,メルカリ,個人間取引（CtoC）のためのマーケットプレイスであり、誰でもスマートフォン上で簡単に不要品を販売できるという今までになかったユニークなユーザ体験を提供,,https://jp.mercari.com/
メルカリ,メルペイ,メルカリアプリを使った決済サービスであり、 メルカリで取得した売上金で購入したポイントや売上金から自動チャージされたメルペイ残高が、メルペイ加盟店でのお買い物に使用できる 売上金をお持ちでない場合は、銀行口座等からメルペイ残高をチャージすることができる。,,https://www.merpay.com/
メルカリ,メルカリShops,"かんたんで、売れる」をコンセプトに、スマホ1つでネットショップを開設し、ショップ運営者が商品を直接販売することができる、Eコマースプラットフォーム。「メルカリ」に出品するのと同様の簡単な操作で、誰でも「メルカリ」アプリ内にネットショップを持つことができ、独自の集客なしで「メルカリ」の月間2,000万人以上の利用者に届けることが可能である。",,https://jp-news.mercari.com/mercari-shops/
メルカリ,メルコイン,メルカリアプリでビットコインを売買できる,,https://about.mercoin.com/service/
メルカリ,メルロジ,自社のタッチポイントを基盤にデータとテクノロジーを活用した新たな集荷物流網を構築,,https://about.merlogi.com/
エムスリー,m3.com,"医療従事者の情報ニーズに応える会員制サイト。
医療に関するニュースや海外論文から暮らしやキャリアに関わる各種最新情報と、それぞれに関する意見交換の場、さらには転職、開業・継承まで、医療従事者に役立つ多面的な情報やツール、サービスをご提供しています。",,http://m3.com/
エムスリー,MR君,日本最大の医療従事者専用サイトm3.comの特性を活かし、製薬企業の薬剤プロモーション・マーケティングを総合的に支援。毎日の診療に役立つ最新の医療情報を製薬企業のMRがお届けする「MR君」サービスでは、医師の方々の92％が「疾患認識を深めた」・94％ が「内容に満足している」と高く評価している、工夫を凝らした数々のコンテンツを、診療前やご自宅など都合の良い時間と場所でご覧いただいてます。,,https://www.m3.com/login?origURL=https%3a%2f%2fmrkun.m3.com%2fmrq%2ftop.htm
エムスリー,Web講演会,製薬企業や医療機器メーカーの提供によるWebセミナー（Web講演会）に、PCや専用アプリから、リアルタイムに参加・視聴できるサービスです。講演内容は、全医師を対象としたmegaWeb講演会や地域や診療科を限定した専門的な講演会など多岐に及びます。エムスリー独自企画の講演会もあり、日本最大級の医療従事者向けWebセミナープラットフォームです。,,https://www.m3dc.co.jp/service_category/webinar/
エムスリー,m3.com career,m3.com CAREERは、m3.com内で展開する日本最大級の医師求人・転職支援サイト。求人情報は、10万人以上の医師に向けて毎週配信している求人専門メールマガジンにも掲載。常勤医から非常勤医まで、多様な求人ニーズにお応えします。,,https://career.m3.com/
エムスリー,M3 DigiKar,"忙しい開業医の手間を削減するクラウド電子カルテです。
AIによる入力サポート、パソコンに詳しくなくても簡単に使える分かりやすいUI、安心・安全のセキュリティを兼ね備えております。",,https://demo.digikar.jp/login
エムスリー,デジスマ診断,"デジスマ診療はクリニック・病院に特化した会計サービスです。
スマホ完結のクレジットカード決済をはじめ、予約システム、問診、処方せんの薬局送付、お知らせ機能など、受付業務の効率化をサポートし患者様の来院体験もより良くすることができます。
クラウド電子カルテ「デジカル」との連携も可能です。",,https://digikar-smart.jp/
エムスリー,AskDoctors,一般の方が健康について、インターネットで気軽に医師に相談できるQ&Aサイト、AskDoctors。病気、健康の悩みに、1000人以上の現役医師が豊富な経験と専門知識を活かして迅速、的確に回答。見るだけで役立つ、過去の相談例数百万件も掲載。匿名だからプライバシーも安心です。,,https://www.askdoctors.jp/
カカクコム,価格.com,「買ってよかった」をすべてのひとに。をコンセプトとする購買支援サイト。パソコンや家電、スマートフォン、インテリア、さらにファッションやプロバイダ、保険など、生活に関わるさまざまなジャンルにおいて、価格やスペック、クチコミ、レビューを集約。商品購入やサービス申し込みの前に必要な情報比較をサポートする,,https://kakaku.com/
カカクコム,食べログ,"2005年3月開設のレストラン検索・予約サイト。
好みがマッチする人のおすすめや多様な検索条件、独自の記事コンテンツなどから、ニーズや好みに合わせてお店を楽しく探せます。また24時間いつでも、スマートフォンなどからインターネット予約を完了できる。",,https://tabelog.com/
カカクコム,キナリノ,「自分らしい暮らしがかなう」をテーマに、買いものと読みものを楽しめるライフスタイルメディア。心地よい暮らしにつながるお買いもの体験と、毎日の暮らしに役立つ情報を提供する。,,https://kinarino.jp/
カカクコム,TASCLAP,“ おしゃれを知る。おしゃれを楽しむ。”をコンセプトとするメンズファッションWeb マガジン。トレンドに敏感で知識豊富なプロのライター陣と編集部が、等身大のファッションを意識した記事を毎日発信している。,,https://mens.tasclap.jp/
カカクコム,求人ボックス,全国の転職サイトや求人サイトから、正社員・アルバイト・パート・契約社員、さらに在宅ワークや新卒採用などの求人情報を集約してわかりやすく提供している。,,https://xn--pckua2a7gp15o89zb.com/
カカクコム,スマイティ,日本全国の賃貸・新築・中古物件と不動産売却情報を取り扱う不動産住宅サイト。さまざまな条件から希望に合う物件を探せます。,,https://sumaity.com/
カカクコム,icotto,観光・温泉・ホテル・グルメ情報を女性編集スタッフならではの切り口で紹介している、旅好きな女性のためのメディア,,https://icotto.jp/
カカクコム,フォートラベル,旅行のクチコミと比較サイト,,https://4travel.jp/
カカクコム,バス比較なび,全国の高速バス・夜行バス、バスツアーの料金比較サイト,,https://www.bushikaku.net/
カカクコム,バスとりっぷ,高速バス・バスツアーのお役立ち情報メディア,,https://www.bushikaku.net/bustrip/
カカクコム,格安移動,国内移動・海外航空券の最安値比較サイト,,https://idou.me/
カカクコム,PHOTOHITO,写真共有サイト,,https://photohito.com/
カカクコム,アキバ総研,アニメ&アキバ系カルチャー情報,,https://akiba-souken.com/
カカクコム,映画.com,国内外の映画に関する情報をはじめ、プロの評論家と編集部による独自の映画評やユーザーレビュー、興行ランキング、上映館検索まで、映画に関する幅広い情報・機能を提供,199808,https://eiga.com/
カカクコム,アニメハック,さまざまなアニメ関連情報を集約し、わかりやすく提供,20150709,https://anime.eiga.com/
カカクコム,webCG,クルマ好きのための情報サイト,20200616,https://www.webcg.net/
カカクコム,FX羅針盤,FX関連情報と為替相場解説・予想サイト,,https://fx-rashinban.com/
カカクコム,STORECAST,小売店向けデジタル販促ツール,,https://storecast.io/lp/
カカクコム,TimeDesign,直販予約、収益性を向上させるプラットフォームを提供。ダイナミックパッケージは、ホテルと航空券、レンタカーや、保険等、アンシラリーサービスとの組み合わせを可能とし、統合された予約体験を実現する。,,https://www.timedesign.co.jp/
カカクコム,Pathee,お買い物スポット情報サイト,,https://pathee.com/
ビジョナル,ビズリーチ,ビジネスプロフェッショナル、国内外の優良・成長企業、各業界に精通した一流ヘッドハンターの三者を最適かつ効率的にマッチングする、即戦力人材に特化した会員制転職サイト。,,https://www.bizreach.jp/
ビジョナル,ビズリーチ・キャンパス,OB/OG訪問を通じて大学生のキャリア形成を支援する、オンラインのキャリア教育プラットフォーム。,,https://br-campus.jp/
ビジョナル,スタンバイ,インターネット上に公開されている全国の求人情報の中から、入力したキーワードによって最適な求人情報を一括で探すことができる求人検索エンジン。,,https://jp.stanby.com/
ビジョナル,HRMOS タレントマネジメント,従業員に関するあらゆる情報を一元管理することで人事業務や組織の状態を可視化し、企業の人材活用をサポートする。,,https://hrmos.co/hr/
ビジョナル,HRMOS 採用,採用業務の一元管理を通じてオペレーションを効率化する。データによる採用活動の可視化・分析により、効率的に求める人材の採用につなげることができる。,,https://hrmos.co/ats/
ビジョナル,HRMOS 勤怠,"1,000社以上のサポート経験で培った人事・労務の専門ノウハウが詰まったシンプルで使いやすい無料のクラウド勤怠管理システム。",,https://hrmos.co/kintai/
ビジョナル,HRMOS 経費,社内で発生するさまざまな経費（交通費、出張費、会議費、交際費など）の申請、承認、支払い処理の電子化と一元管理を実現する経費精算システム。,,https://www.ezsoft.co.jp/ekeihi/
ビジョナル,M&A サクシード,譲渡企業と譲り受け企業をオンライン上でつなぐ法人・審査制M&Aマッチングサイト。,,https://ma-succeed.jp/
ビジョナル,トラボックス,荷物の配送を希望する運送会社や個人の荷主と、空きトラックを保有する運送会社をオンラインでマッチングさせる,,https://www.trabox.ne.jp/
ビジョナル,yamory,ITシステムの脆弱性を自動で検知し、管理・対策ができるクラウドサービス。脆弱性を管理・対策することでサイバー攻撃から身を守り、ITシステムからの情報漏洩と、ライセンス違反による法的リスクの軽減を実現する,,https://yamory.io/
ビジョナル,ASSURED,クラウドサービスの安全性を可視化するプラットフォームです。専門知識を有するセキュリティ評価チームが、クラウドサービスのセキュリティ対策状況を調査し、その評価結果をデータベースに集約することで、効率的かつ高精度なセキュリティ評価を実現する。,,https://assured.jp/
ミクシィ,Unlim,"①競技活動資金に充て新たな挑戦をしたい
②自身の活動だけではなくスポーツや競技そのものを盛り上げていきたい
③スポーツを通じて社会に貢献したい
といったさまざまな思いを持つアスリートやチームに対して、金銭的に支援するサービス",,https://unlim.team/
ミクシィ,TIP STAR,365日配信されるレース映像と、競輪・PIST6・オートレースのネット投票を、基本無料で、友達と一緒に楽しむことができるサービス,,https://tipstar.com/
ミクシィ,Fansta,スポーツ観戦を楽しみたいファンを集客できるお店でのスポーツ観戦に特化したDAZN公認の新しい集客サービス,,https://fansta.jp/
ミクシィ,MIXI M,認証から決済までをワンストップで提供できる基盤システム & WALLETサービス,,https://m.mixi.com/
ミクシィ,家族アルバム みてね,子どもの写真・動画を家族と簡単に共有できるサービスで、日々たくさんの写真や動画がアップロードされる「みてね」では、プライバシーを保ちながら、ご家族がより便利に思い出を振り返ったり、形に残すことができるよう、人工知能（AI）のデータ分析技術のひとつである機械学習を用いたサービス提供を行っている。,,https://mitene.us/
ミクシィ,minimo,美容師やネイリスト、アイデザイナー、エステティシャンなどサロンスタッフ個人の施術を、お客さまが24時間いつでも直接予約できるサービス,,https://minimodel.jp/
ミクシィ,Romi,雑談を得意とする感情豊かなコミュニケーションロボット。当社独自開発の会話AI（人工知能）が都度会話を作り出しているため、返答のルールがあらかじめ登録されている従来のロボットとは異なり、自然な会話のキャッチボールを楽しめる点が特徴です。100種類以上の表情と動きに加え、目覚ましやリマインダーといった豊富な機能・コンテンツで、ユーザーの日々の生活を彩ります。,,https://romi.ai/
ミクシィ,mixi,「心地よいつながり」を軸としたコミュニケーションの場を提供するソーシャル・ネットワーキングサービス,,https://mixi.jp/
ミクシィ,モンスターストライク,RPGとドラッグ型アクションを融合させたアクションRPG,20130927,https://www.monster-strike.com/
ミクシィ,コトダマン,文字の精霊コトダマンを召喚し、ことば（単語）を揃えて敵を攻撃するパズルRPG,,https://kotodaman.jp/
CARTA HOLDINGS,サポーターズ | 新卒採用マッチング,サポーターズは国内最大級のエンジニア学生DBを用いて、イベント、スカウト、個別紹介などを含む新卒エンジニア採用におけるトータル支援サービス,,https://corp.supporterz.jp/
CARTA HOLDINGS,サポーターズ | 技育プロジェクト,「技」術者を「育」てる学年不問のキャリア育成プログラムを実施,,https://biz.supporterz.jp/geekpjt/
CARTA HOLDINGS,PORTO,「世に広くマーケティングしたい広告主抜けのプロダクト」の開発を行う。秒間数万〜数十万の大量のリクエストを高速に低レイテンシーでさばくという技術的な挑戦、また広告効果についてデータをもとに振り返りを行うデータエンジニアリングへも挑戦している。,,https://portodsp.co.jp/service/
CARTA HOLDINGS,Zucks,プロモーションしたい方と広告を掲載したい人を繋ぐスマホ広告プラットフォームを運営,,https://zucks.co.jp/
CARTA HOLDINGS,テレシー,7兆円の広告業界に革命を起こすゲームチェンジャーを目指している。 テレビCMを効果分析しながら運用出来る「運用型テレビCM」を中心にクライアントのマーケティング・パートナーとして、戦略策定、クリエイティブ制作、オンライン、オフラインのトータルメディアプランニング・バイイング、特許技術を取得した効果測定に至るまで、顧客の事業成長をマーケティング側面から支援する。,,https://cartaholdings.co.jp/engineering/teams/telecy/
CARTA HOLDINGS,CARTA COMMUNICATIONS,「The Big Digital Picture　～デジタルで大きな絵図を、その先にある生活者に豊かな生活を。～ 」をVISIONに掲げ、広告・マーケティング領域に関わる様々なビジネスをプラットフォーム事業者および媒体社と推進している。メディアレップとして培った国内最大級の広告仕入れ基盤を活かしたメディアプランニングに強みがある。広告主の課題解決を目的とした、マーケティングソリューションの開発やプラットフォーム事業者、媒体社の保有する資産（データ・コンテンツなど）を活用した自社サービス開発＆提供も行っている。,,https://www.cci.co.jp/
CARTA HOLDINGS,デジコ,"6,000種以上に交換できるデジタルギフトのデジコは「簡単に」「迷うことなく」誰でも使えるデジタルギフトを提供します。デジタルギフトだけでなく、「届け方」や企業課題に合わせたキャンペーンプランも ご提案します。",,https://digi-co.net/
CARTA HOLDINGS,ECナビ,利用者数日本最大級の「毎日貯まるポイントサイト」。アンケートに回答したりネットショッピングをするだけでECナビポイントが貯まる,,https://ecnavi.jp/
CARTA HOLDINGS,エンパス,薬局オリジナルのサービス開発基盤を提供しかかりつけ薬局化をサポートする,,https://digitalio.jp/service/healthcare/
CARTA HOLDINGS,キャンタ,キャンペーン設計から運用、景品の配布までよりワンストップでツールとサービスを提供する,,https://voyagegroup.com/news/press/01_20211111_01/
CARTA HOLDINGS,PeX,ポイントサイトやアンケートサイトで貯まったポイントを大手共通ポイントや現金、商品や電子マネーなどに交換することができるポイント流通量日本最大級の「ポイント交換サイト」,,https://pex.jp/
CARTA HOLDINGS,コトバンク,出版社の保有する辞書・事典の構造化データの提供を受け、データベース構築とWebサービス。掲載している辞書は実績のある出版社や、その分野においての知識が豊富な企業などから提供されたもので構成。,,https://www.cotobank.net/
CARTA HOLDINGS,マンガペディア,マンガに関する『事典』のデータベース構築とWebサービス。一般社団法人百科綜合リサーチ・センター、株式会社エイトリンクス、株式会社DIGITALIOにより編纂された世界で初めての体系的漫画百科事典。,,https://mangapedia.com/
CARTA HOLDINGS,C-POT,小学館とCARTA HOLDINGSとの合弁会社としてC-POTを設立。C-POTでは、小学館のコンテンツとその権利、コンテンツの作成ノウハウ、またVOYAGE GROUPのシステム開発力やマネタイズ、サービス企画力を活かし運営。,,https://c-pot.co.jp/#about
CARTA HOLDINGS,IMATABI,初心者にも役立つ旅行に関する基本情報から、人気の観光地・穴場の観光地、さらにはひとり旅や世界一周まで、IMATABI（イマタビ）は”旅”をテーマにさまざまな情報を発信する学生向け旅プラットフォーム,,https://imatabi.jp/
CARTA HOLDINGS,オカネノホンネ,オンラインでファイナンシャルプランナー(FP)への相談が無料でできるサービス,,https://okanenohonne.com/
Sansan,Sansan,100万件以上の企業情報をあらかじめ搭載し、あらゆる顧客情報の営業活用を実現する、名刺管理を超えた営業DXサービス,,https://jp.sansan.com/
Sansan,Bill One,あらゆる請求書をオンラインで受け取り、企業全体の請求書業務を加速するインボイス管理サービス,,https://bill-one.com/
Sansan,Contract One,あらゆる契約書を正確にデータ化し、全社で契約情報を活用できるようにするこれまでにない契約データベース,,https://contract-one.com/
Sansan,Eight,"価値ある出会いをタッチでつなぐ、ビジネスのための名刺アプリ。
つながった相手の異動・転職などの情報が自動で更新され、近況をスマートに把握できる",,https://8card.net/
ZOZO,ZOZOTOWN,"ファッションEC。
1,600以上のショップ、9,000以上のブランドを取り扱う。常時95万点以上の商品数と毎日平均2,900点以上の新着商品を掲載。（2023年12月末時点）
コスメ専門モール「ZOZOCOSME」や靴の専門モール「ZOZOSHOES」、ラグジュアリー＆デザイナーズゾーン「ZOZOVILLA」を展開。
即日配送サービスやギフトラッピングサービス、支払いが2ヶ月後になる「ツケ払い」などの各種サービスを提供。",20041215,https://zozo.jp/
ZOZO,WEAR,"日本最大級のファッションコーディネートアプリ。
コーディネートの投稿、オフィシャルユーザー「WEARISTA（ウェアリスタ）」やショップスタッフ、一般ユーザーが投稿するコーディネートの検索・閲覧・保存が可能。コーディネート投稿総数は1,400万件以上。アプリのダウンロード数は1,700万件を突破。（2023年12月末時点）",20131031,https://wear.jp/
ZOZO,MS,身長と体重を選択するだけで理想のサイズが購入できる新しい洋服の買い方。2019年秋冬から、ブランドと協働でマルチサイズ（MS）展開したアイテムをZOZOTOWN上で販売開始。,20190802,https://zozo.jp/multisize/
ZOZO,ZOZOUSED,"ブランド古着のファッションゾーン。
7,000以上のブランドを取り扱い、常時約90万点の商品アイテムを掲載。（2023年12月末時点）
カジュアルブランドからハイブランドまで幅広いアイテムを中古ならではのお得な価格で販売。

洋服の下取りサービス「買い替え割」。ZOZOTOWNでお買い物の際、過去に購入したアイテムを下取りし、下取り金額分をその場で値引きする「買い替え割」機能や、過去に購入したアイテムをいつでもZOZOポイントと交換できる「いつでも買い替え割」機能を提供。
下取りアイテムを送る際、ZOZOTOWN以外で購入したアイテムも同梱し、買取可能。買取対象ブランドは9,500以上（2023年12月末時点）で、送料・手数料無料。",20121112,https://zozo.jp/zozoused/
ZOZO,Fulfillment by ZOZO,"ZOZOTOWN出店企業の自社ECのフルフィルメント支援サービス。
自社EC運営のための撮影・採寸・梱包・配送などの各種フルフィルメント業務を、ZOZOの物流拠点「ZOZOBASE」が受託。設備投資・人件費・在庫保管料などの負担なしで、自社ECの運営が可能。各販売チャネル（自社EC・店舗・ZOZOTOWN）の在庫連携が可能なため、商品欠品による販売機会の損失を最小化。",20190520,https://fbz.zozo.com/
ZOZO,ZOZOSUIT,3D計測用ボディースーツ「ZOZOSUIT」は、スーツ全体に施されたドットマーカーをスマートフォンのカメラで360度撮影することで、身体の精緻な3Dモデル生成が可能。,202010,https://corp.zozo.com/measurement-technology/
ZOZO,ZOZOMAT,マット全体に施されたドットマーカーをスマートフォンのカメラで360度撮影することで、自宅にいながら簡単に高精度な足の3D計測が可能な計測ツール。マットに片足ずつのせ、それぞれの足をスマートフォンで撮影することで、足長・足幅・足囲などの複数箇所の計測が可能。,,https://zozo.jp/zozomat/
ZOZO,ZOZOGLASS,ECにおけるコスメ購入時の課題であった「色選び」に関する不安や悩みを解消する計測ツール。スマートフォンのカメラで撮影したグラス本体の丸いマーカーによってカラーチップの位置と配置を識別し、正面に施されたカラーチップの色をもとに肌の色を検出、カラーチップ本来の登録カラーとの補正によって肌の色を計測することが可能。,,https://zozo.jp/zozoglass/
ZOZO,ZOZOFIT,ジムや自宅にいながら手軽で高精度な3Dボディースキャンおよび計測データのトラッキングを可能にするサービス,20220824,https://zozofit.com/
サイボウズ,kintone,業務システムを自由に作れるクラウドプラットフォーム,,https://kintone.cybozu.co.jp/
サイボウズ,サイボウズ Office,中小企業向けのかんたんらくらくグループウェア,,https://office.cybozu.co.jp/
サイボウズ,Garoon,中堅・大規模組織向けグループウェア,,https://garoon.cybozu.co.jp/
サイボウズ,MailWise,メール対応を一元化できるメール共有システム,,https://mailwise.cybozu.co.jp/
freee,freee会社設立,会社設立に必要な定款をはじめとした約10種類の書類が無料で作成できるサービスであり、会社設立完了までに必要なフローをステップに沿って案内し、はじめての方でもスムーズに手続きを進めることができる,,https://k.secure.freee.co.jp/users/register
freee,freee開業,開業に関する知識がない方でも簡単に個人事業主として開業できる、利用料無料のサービス,,https://www.freee.co.jp/opening/
freee,freee許認可,特定の事業をはじめる場合、行政からの許認可（許可・認可・免許・届出など）が必要となる場合がある。freee許認可は、許認可申請を簡単に行えるサービス,,https://support.freee.co.jp/hc/ja/articles/10681458083097-freee%E8%A8%B1%E8%AA%8D%E5%8F%AF-%E3%82%B5%E3%83%BC%E3%83%93%E3%82%B9%E7%B4%B9%E4%BB%8B#h_01GG4JJ2H2XR9VEDFWPVYFN5RW
freee,freee資金調達,複数金融機関の資金調達手段を検索・比較・利用可能性の診断ができる利用料無料のサービス,,https://accounts.secure.freee.co.jp/login/funding
freee,freee創業融資,中小企業や個人事業主が事業をスタートする際に必要とする創業融資の手続きをサポートするサービス,,https://www.freee.co.jp/founding-loan/
freee,freee登記,変更したい株式会社の会社情報を入力するだけで、司法書士に依頼することなく必要書類を自動作成、法務局に行かずに郵送で申請できるサービス,,https://www.freee.co.jp/registration/
freee,freee販売,見積書や請求書、発注書など受注・発注に関する書類の発行や、受注案件の進捗状況、粗利の見込・実績を管理できるサービス,,https://www.freee.co.jp/sales-management/small-business/
freee,freeeサイン,面倒な契約業務を直感的な操作でオンライン完結できるサービス,,https://freee.co.jp/sales-management/small-business/
freee,freee受発注,発注者と受注者が同じサービスを利用することで、双方が効率化する取引プラットフォーム,,https://www.freee.co.jp/ordering/
freee,freee人事労務,定型業務の多い、勤怠管理、給与計算、労務手続き等の効率化・自動化を可能にするサービス,,https://www.freee.co.jp/hr/
freee,freee勤怠管理Plus,多彩な打刻方法、タイムリーな勤怠管理、給与との連携など、勤怠管理に関する課題を劇的に解決できるサービス,,https://www.freee.co.jp/time-tracking-plus/?utm_source=google&utm_medium=cpc&utm_campaign=2308%7Csmall06%7Cgsa_pcsptab_shimeikyoninka(license)&utm_content=06%7C01_shimeikyoninka&utm_term=10009777&restored=1709469407434
freee,freeeマイナンバー管理,低コストでマイナンバーの収集、管理、破棄までクラウド上で完結できるサービス,,https://www.freee.co.jp/my-number/
freee,freee福利厚生,会社が従業員に住居を貸与する社宅制度の導入から導入後の運営までを支援するサービス,,https://www.freee.co.jp/benefit/?utm_source=google&utm_medium=cpc&utm_campaign=2308%7Csmall06%7Cgsa_pcsptab_shimeikyoninka(license)&utm_content=06%7C01_shimeikyoninka&utm_term=10009777&restored=1709469436669
freee,freee工数管理,案件管理、工数管理、レポートの可視化をプロダクト上で一元管理し、プロジェクト毎の収支管理を可能とするサービス,,https://www.freee.co.jp/project-management/
freee,freee会計,財務会計に加え、債権債務、請求書、経費精算、ワークフロー機能等をカバーし、個人事業主・法人共に経理に必要な情報の収集、可視化を実現したサービス,,https://www.freee.co.jp/
freee,freee請求書,フォーム入力で誰でも簡単に見積書・納品書・請求書などを作成できるサービス,,https://www.freee.co.jp/invoice/
freee,freeeアプリストア,外部サービスとの連携や日々の業務効率化につながるアプリをfreeeと手軽に連携させることで、より快適・便利なご利用を促進するためのサービス,,https://app.secure.freee.co.jp/
freee,freeeカード Unlimited,法人を対象とした企業成長を支援するための統合型コーポレートカード,,https://www.freee.co.jp/payment/card/
freee,freee出版,「スモールビジネスの翼になる。」をミッションとして、書籍やイベントを通じてスモールビジネスの経営に関するナレッジを探求・発信し、だれもが自由に自然体で経営できる環境を作っていくための出版レーベル,,https://www.freee.co.jp/publishing/
freee,起業時代,上記レーベルから出版されている起業・開業に必要な情報が詰まった雑誌です。起業家インタビューに加え、税理士・経営コンサルタント監修のもと起業・開業のダンドリなど最新情報を発信,,https://www.freee.co.jp/kigyojidai/
freee,freee税理士登録,税理士登録するために必要な手続きに沿った流れで情報を掲載している、利用料無料のサービス,,https://adv.freee.co.jp/service/tax-accountant-registration
サイバーエージェント,ABEMA PPV ONLINE LIVE,アーティストのライブ、イベント、スポーツ興行、ファッションショー、舞台などの多彩なオンラインライブを提供,,https://abema-ppv-onlinelive.abema.tv/
サイバーエージェント,CL,LDHのコンテンツをお楽しみいただけるデジタルコミュニケーションサービス,,https://www.cl-live.com/programs/ondemand/osVrz8Qzu5oJkvo5aRSW1h
サイバーエージェント,WRESTLE UNIVERSE,プロレス動画配信サービス。DDT、プロレスリングノア、東京女子プロレスなどのコンテンツを動画配信,,https://www.wrestle-universe.com/ja
サイバーエージェント,極予測AI,AIを活用した革新的な制作プロセスで広告クリエイティブを制作し、広告効果がでた時のみクリエイティブ制作費を成功報酬とする「極予測AI(キワミヨソクエーアイ)」の提供,,https://www.cyberagent.co.jp/news/detail/id=24647
サイバーエージェント,極予測TD,AIで数億キーワードの品質スコアを自動で改善効果の出せる広告テキストを自動生成「極予測TD」の提供,,https://www.cyberagent.co.jp/news/detail/id=24670
サイバーエージェント,極予測AI人間,企業ブランディングに適したモデルの制作キャスティングおよび、多種多様な髪型・ポーズ・ファッション・シチュエーションの表現や、コロナ禍で起用が難しい外国籍のモデルも生成が可能。撮影や表現の様々な制約や契約条件にとらわれることなく、広告クリエイティブを制作することができる。さらに当社ではクリエイティブ専門子会社を多数保有しており、3Dスキャン技術やデジタルヒューマンのCG制作を強みとする株式会社CyberHuman Productions等と連携し、「バーチャル撮影システム」や「LED STUDIO」を活用した撮影を行なうことで、より多くの素材データを作成し、多種多様かつ高品質な広告クリエイティブ制作が可能,202011,https://www.cyberagent.co.jp/news/detail/id=25322
サイバーエージェント,極予測LED,リアルタイムで効果を予測しながら撮影を続けることができるサービス高精細なCG背景空間が可能な「LED STUDIO」を背景に使用することで、バリエーション豊かなCGを自由に変更できる。これにより、「バーチャル背景」と「リアルの被写体」、そして「リアルタイムの効果予測AI」を組み合わせた、これまでにない革新的な動画の撮影スタイルを提供,202101,https://www.cyberagent.co.jp/news/detail/id=25695
サイバーエージェント,AIRTRACK AI,ユーザー行動の予測機能を搭載したAIエンジン。ユーザーの来店店舗予測をはじめ、広告接触による来店率および来店購買率やGPS精度の低い場所での来店者数の推定などが可能。これにより、見込み客の拡大を図るとともに、オンラインからの店舗送客を最大化するO2Oマーケティングを実現,,https://www.cyberagent.co.jp/news/detail/id=24920
サイバーエージェント,AI Messenger for Voice,予約や注文受付、情報照会など、企業における様々な電話業務を企業のニーズに応じて自動化することで、カスタマーサポートの業務効率化を支援。AIチャットボットの開発で培ってきたノウハウを活かし、音声対話に特化した対話エンジンを開発することで、より人間らしい自然な自動音声対話を実現,,https://www.ai-messenger.jp/voicebot/
サイバーエージェント,CAスマートPOP,店舗に来店したユーザーに対して、自社アプリを通した自由なコンテンツ配信を可能にするサービス。 自社アプリへSDKを実装することで、店舗に設置したビーコン・NFCタグ・QRコードと連動したクーポンや来店特典などのコンテンツ配信を実現し、キャンペーンや商品の認知、客単価の向上を狙う,,https://www.cyberagent.co.jp/news/detail/id=25615
サイバーエージェント,ミライネージ,小売店舗に設置したデジタルサイネージのネットワーク化により、店舗に関わらずサイネージ単位でコンテンツの一括管理を可能にする小売業向け店舗サイネージ配信プラットフォーム。AIカメラを用いた視聴データの集計・分析から販促・宣伝の最適な配信運用が可能になり、店舗のメディア化を実現することで小売業界の広告事業を支援する,,https://www.cyberagent.co.jp/news/detail/id=24848
サイバーエージェント,CAリテールマーケット,D2Cブランド・メーカーと小売店舗のマッチングから、商品出店時の集荷や配荷、棚の設営、サイネージなどの販促ツールを活用した運用・効果分析まで一気通貫したサポートを行う。小売企業・メーカーの双方にとって価値のある新規顧客獲得や収益最大化に寄与する,,https://www.cyberagent.co.jp/news/detail/id=24277
サイバーエージェント,カカクのカガク,過去のデータから開発した需要予測モデルによる価格・クーポン・ポイント発行等の最適化から、デジタル販促施策の企画・運用などのマーケティング支援により販促効果を最大化するサービス,,https://www.cyberagent.co.jp/news/detail/id=25506
サイバーエージェント,ミライネージ for Green,購買データおよびサイネージの視聴データから販促効果を分析し、システム上で設定されたタイミングにあわせ自動でサイネージを省電力モードへと切り替える機能を備えており、可能な限り販促効果を損なわずに電力消費量を削減することが可能,202301,https://www.cyberagent.co.jp/news/detail/id=28466
サイバーエージェント,コロナワクチンAI電話エージェント,AI Shiftの技術協力のもと開発した新型コロナワクチン接種に関する問い合わせ・予約専用の電話自動応対サービス。AIによる音声対話形式での自動応対を実現し、時間を気にせずいつでも問い合わせできることで、コールセンターの増席と比べてコストを抑えながら、利便性および満足度の高い住民サービスの構築が可能,,https://www.cyberagent.co.jp/news/detail/id=25849
サイバーエージェント,薬急便 for オンライン診療,オンライン診療の予約受付や予約管理、そしてオンライン診療までをワンパッケージで提供する、医療機関向けのデジタル化支援サービス,,https://help.yqb.jp/hc/ja/articles/360003548876-%E3%82%AA%E3%83%B3%E3%83%A9%E3%82%A4%E3%83%B3%E8%A8%BA%E7%99%82%E3%81%AE%E4%BD%BF%E3%81%84%E6%96%B9
サイバーエージェント,薬急便,処方せん事前送信やオンライン服薬指導、処方薬の配達サービスなど薬局・ドラッグストアのデジタル化に必要な機能を兼ね備えた調剤DXプラットフォーム,202101,https://www.cyberagent.co.jp/news/detail/id=25468
サイバーエージェント,FANBASE ARENA,企画準備、配信機材不要で “ファン協力型”の ライブ配信ができるオフィシャルファンコミュニティ開設サービス,,https://www.cyberagent.co.jp/news/detail/id=25935
サイバーエージェント,ドットマネー,"会員数2,500万人を超える国内最大級のポイント交換サービス",,https://d-money.jp/
リクルート,タウンワーク,「家の近くで働きたい」「学校の近くで働きたい」「大好きなあの街で働きたい」など、勤務地を重視する読者へ向けた無料求人情報メディア,,https://townwork.net/
リクルート,スタディサプリ,小中高校生向けに、分かりやすいと評判のプロ講師の授業動画を配信するオンライン学習サービス,,https://studysapuri.jp/
リクルート,リクナビ,就職情報サイト／インターンシップ・就職準備サイト,,https://www.rikunabi.com/
リクルート,リクナビNEXT,社会人のための転職情報サイト,,https://next.rikunabi.com/
リクルート,ホットペッパーグルメ,お得なクーポン満載の、グルメ情報、飲食店の検索・予約サイト,,https://www.hotpepper.jp/
リクルート,ホットペッパービューティー,国内最大級のヘアサロン・リラク＆ビューティーサロンの検索・予約サイト,,https://beauty.hotpepper.jp/
リクルート,Air REGI,0円でカンタンに使えるPOSレジアプリ,201311,https://airregi.jp/
リクルート,Airペイ,カード・電子マネー・QR・ポイントも使えるお店の決済サービス,201510,https://airregi.jp/payment/
リクルート,ゼクシィ,結婚式会場からジュエリーやドレス、引出物までブライダルに関するあらゆる情報を掲載,,https://zexy.net/
リクルート,じゃらん,旅を楽しむ、すべての人へ／国内・海外旅行予約,,https://www.jalan.net/
リクルート,suumo,借りる・買う・建てる・売る・リフォームという幅広いニーズに応えた不動産・住宅サイト,,https://suumo.jp/
リクルート,カーセンサー,中古車を軸に車の購入、買い替えにまつわる情報を幅広くお届け,,https://www.carsensor.net/
楽天,楽天市場,インターネット通販が楽しめる総合ショッピングモール,,https://www.rakuten.co.jp/
楽天,楽天ラクマ,個人間での不用品取引や、事業者からもリユース品などが購入できるフリマアプリ,,https://fril.jp/
楽天,楽天スーパーロジスティクス,「楽天市場」出店店舗の商品の保管から出荷までを一括して受託する総合物流サービス,,https://logistics.rakuten.co.jp/
楽天,楽天トラベル,"登録宿泊施設数42,000以上の国内最大級の旅行予約サービス",,https://travel.rakuten.co.jp/
楽天,楽天超ミニバイト,データ入力・チェック、アンケートなどの「タスク」を楽天会員が実施するマイクロタスク型クラウドソーシングサービス,,https://minijob.rakuten.co.jp/
楽天,楽天宝くじ,LOTO(ロト)とNUMBERS(ナンバーズ)のそれぞれのくじの購入から当せん金の受け取りまで、すべてインターネットでできるウェブサービス,,https://takarakuji.rakuten.co.jp/
楽天,楽天データマーケティング,消費行動分析データを活用したマーケティングソリューションの提供,,https://rakuten-data-marketing.co.jp/
楽天,楽天インサイト,約220万人のパネルから生み出されるリサーチデータに加えて、楽天グループが蓄積する行動ログデータに基づいた独自のサービスを提供,,https://member.insight.rakuten.co.jp/
楽天,楽天データソリューションズ,データを活用した新たなデータソリューションの研究・開発,,https://www.rakuten-data-solutions.co.jp/
楽天,楽天ペイ,クレジットカードや楽天銀行口座を登録して、スマホアプリで簡単にお支払いができるキャッシュレス決済サービ,,https://pay.rakuten.co.jp/
楽天,楽天カード,金融サービスをより便利で使いやすく、身近な存在にすることを目指し、主にクレジットカード事業を通じて、お客様に安心・安全で満足度の高い金融サービス,,https://www.rakuten-card.co.jp/
楽天,楽天銀行,デジタルバンキングサービス,2001,https://www.rakuten-bank.co.jp/
LINEヤフー,LINE,友だちや家族と、1対1やグループでのトーク、音声通話・ビデオ通話を、国内・海外・通信キャリアを問わず、いつでも、どこでも無料で楽しメル。さまざまな人や情報、サービス、企業・ブランドと、シームレスに繋がることが可能,,https://line.me/ja/
LINEヤフー,Yahoo! JAPAN,ポータルサイト「Yahoo! JAPAN」をはじめ、検索、ニュース、天気、ショッピング、オークションなど、これまでさまざまなサービスをスマートフォン・パソコンなどのデバイス向けに提供しています。                    ,,https://www.yahoo.co.jp/
LINEヤフー,carview,LINEヤフーが運営する日本最大級の自動車総合情報サイト「carview!（カービュー）」。ユーザーや自動車ライターのレビューを豊富に掲載。新型モデル、ランキング、グレード、スペック、画像などのカタログ情報を毎日更新。47万台以上の中古車情報も掲載,,https://carview.yahoo.co.jp/
LINEヤフー,Yahoo!ショッピング,Yahoo!ショッピングは幅広い品ぞろえと、最新のお買い得ネット通販情報が満載のオンラインショッピングモール。,,https://shopping.yahoo.co.jp/
LINEヤフー,ヤフー・データソリューション,ヤフーの検索・位置情報などのビッグデータ分析ツール、自社分析環境と連携できるAPI、オーダーメイドに課題解決するデータアナリストなど、最適なソリューションで事業をサポートする,,https://ds.yahoo.co.jp/
LINEヤフー,Yahoo!トラベル,国内･海外の航空券やツアー、レンタカー、高速バスなどの予約や観光・温泉情報、クチコミやQ&Aなど旅の情報満載の旅行サイト。日程や希望の条件からプランを簡単に検索できる,,https://travel.yahoo.co.jp/
LINEヤフー,Yahoo!オークション,Yahoo!オークションは、お店にないものも見つかる買える、日本最大級のネットオークション・フリマアプリ。オークションに加え、フリマ出品ですぐ売れる、買える,,https://auctions.yahoo.co.jp/
LINEヤフー,LINE STORE,LINE STOREはLINEの公式オンラインストア。スタンプや着せかえ、ゲームやLINE プレイ・マンガ・占いのルビーやコインを購入できる。,,https://store.line.me/home/ja
LINEヤフー,LINE 広告,"月間9,600万人が利用するLINEに広告を出稿するための広告配信プラットフォーム。「トークリスト」や「LINE NEWS」、「LINE VOOM」をはじめとするLINEの様々な面やファミリーサービスなどに広告配信が可能。オンラインで手軽に広告配信設定をすることができる",,https://www.lycbiz.com/jp/service/line-ads/
LINEヤフー,Yahoo!ファイナンス,リアルタイム株価、最新ニュース、株式掲示板などを提供する、投資やマネーの総合情報サイト。株価指数、外国為替相場、日本株、米国株など、投資判断に役立つ情報を掲載,,https://finance.yahoo.co.jp/
LINEヤフー,Yahoo!不動産,マンション・一戸建て・アパート・土地に関する購入・売却・賃貸の不動産住宅情報サイト。相場・評判、価格・間取り、不動産会社、ハウスメーカーなど豊富な物件・情報で住まい探し・お部屋探しをサポート,,https://realestate.yahoo.co.jp/
LINEヤフー,LINEギフト,LINEの友だちにギフトを贈ることができるサービス,,https://linegift.line.me/
DMM,DMM TV,アニメ・エンタメの総合動画配信サービス,202212,https://tv.dmm.com/vod/
DMM,DMMブックス,電子書籍配信サービス,2000,https://book.dmm.com/
DMM,DMM pictures,アニメーション製作・ライセンスビジネス,2016,https://pictures.dmm.com/
DMM,DMM GAMES,国内最大級のPCゲームプラットフォーム運営,,https://games.dmm.com/
DMM,DMMオンクレ,オンラインで楽しむクレーンゲーム,,https://onkure.dmm.com/
DMM,DMMスクラッチ,はずれなしのオンラインくじ,201711,https://scratch.dmm.com/
DMM,DMMオンラインサロン,オンライン事業,201602,https://lounge.dmm.com/
DMM,DMM通販,通販サービス,1998,https://lounge.dmm.com/
DMM,DMM宅配レンタル,ネット宅配レンタル,,https://www.dmm.com/rental/
DMM,DMMオンラインクリニック,オンライン診療プラットフォーム,202112,https://clinic.dmm.com/
DMM,デジタルコミック事業,デジタルコミックコンテンツの制作とライセンス管理、及びBtoB取引営業,,https://dmm-corp.com/business/digitalcomic/
DMM,DMMチャットブースト,業種業態、目的ごとに合わせたLINE公式アカウントの機能拡張ツールを提供,,https://chatboost-ec.dmm.com/
DMM,STAR BOOST,インフルエンサーマッチングプラットフォームの運営,202204,https://starboost.dmm.com/
DMM,DMMバーチャルオフィス,業界最安水準の価格で、一等地のバーチャルオフィスを提供,,https://virtualoffice.dmm.com/
DMM,DMM英会話,オンライン英会話サービス,201302,https://eikaiwa.dmm.com/
DMM,DMM FX,FX取引(店頭外国為替証拠金取引)を行えるサービス,,https://fx.dmm.com/
DMM,DMM WEBCAMP,教育事業、人材関連事業,,https://web-camp.io/
DMM,DMM music,音楽レーベル/アーティストマネジメント事業,201803,https://pictures.dmm.com/music/
DMM,DMM競輪,競輪車券・競輪くじの販売サイト運営,,https://keirin.dmm.com/
GMOインターネットグループ,お名前.com,"登録実績3,000万件を誇る国内最大級のドメイン公式登録サービスです。.com .net .jpドメインなど、580種類以上のドメイン取得が可能で、ドメインを活用できるサービスもご用意しています。",,https://www.onamae.com/
GMOインターネットグループ,ConoHa byGMO,ブログやHP作成に最適な国内最速レンタルサーバー『ConoHa WING』をはじめ、よりサーバーを自由にカスタマイズ・構築することが可能で最新のGPUサーバーも利用できる『ConoHa VPS』、初心者でもかんたんにマルチプレイが始められる、ゲームユーザー向けの『ConoHa for GAME』など、お客様のご利用目的に応じて最適なサービスをお選びいただけるホスティングサービス,,https://www.conoha.jp/
GMOインターネットグループ,GMOとくとくBB,ドコモ光やGMO光アクセスなどの光回線や、WiMAXなどのモバイル回線サービスをより多くの方に満足いただけるように、どこよりもおトクに提供しているプロバイダーサービス,,https://gmobb.jp/
マネーフォワード,マネーフォワード クラウド会計,面倒な法人決算をラクにするクラウド型会計ソフト,,https://biz.moneyforward.com/accounting/
マネーフォワード,マネーフォワード クラウド会計Plus,内部統制機能を備えた、中堅企業・上場企業向けクラウド型会計ソフト。,,https://biz.moneyforward.com/accounting_plus
マネーフォワード,マネーフォワード クラウド確定申告,確定申告作業をラクにする、個人事業主のためのクラウド型確定申告ソフト。,,https://biz.moneyforward.com/accounting_plus
マネーフォワード,マネーフォワード クラウド,請求書の作成・送付・受取がまとめて管理できる請求書作成ソフト。,,https://biz.moneyforward.com/invoice
マネーフォワード,マネーフォワード クラウド請求書Plus,請求書や見積書の発行業務を効率化する請求書管理サービス。,,https://biz.moneyforward.com/receivable
マネーフォワード,マネーフォワード クラウド債権管理,入金消込を自動化し、債権管理業務を効率化する入金消込・債権管理システム。,,https://biz.moneyforward.com/receivable-management
マネーフォワード,マネーフォワード クラウド経費,面倒な経費精算業務を効率化するクラウド型経費精算システム。,,https://biz.moneyforward.com/expense
マネーフォワード,マネーフォワード クラウド債務支払,支払請求書管理業務を効率化するクラウド型債務管理システム。,,https://biz.moneyforward.com/payable
マネーフォワード,マネーフォワード クラウドインボイス,中堅・エンタープライズ企業向けの請求書受領・送付システム。,,https://biz.moneyforward.com/cloud-invoice/
マネーフォワード,マネーフォワード 固定資産,内部統制にも対応したクラウド型固定資産管理システム。,,https://biz.moneyforward.com/fixed-assets
マネーフォワード,マネーフォワード クラウド個別原価,工数入力、個別原価計算、プロジェクト原価の可視化をラクにするクラウド型個別原価管理システム。,,https://biz.moneyforward.com/project-cost
マネーフォワード,マネーフォワード クラウド連結会計,グループ各社のデータ収集を効率化し、経営状況をリアルタイムに可視化する連結会計システム。,,https://biz.moneyforward.com/consolidated-accounting
マネーフォワード,マネーフォワード クラウドBox,電子帳簿保存法の要件を満たして、取引関係書類を電子保存するストレージサービス。,,https://biz.moneyforward.com/box
マネーフォワード,ネーフォワード クラウド人事管理,入退社手続き・従業員管理・組織管理を効率化するクラウド型人事管理システム。,,https://biz.moneyforward.com/employee
マネーフォワード,マネーフォワード クラウド勤怠,従業員の勤怠状況を確認・集計・分析できるクラウド型勤怠管理システム。,,https://biz.moneyforward.com/attendance/
マネーフォワード,マネーフォワード クラウド給与,面倒な給与計算業務を効率化できるクラウド型給与計算ソフト。,,https://biz.moneyforward.com/payroll
マネーフォワード,マネーフォワード クラウド年末調整,書類配布から入力・回収・提出をWeb上で完結できるクラウド型年末調整ソフト。,,https://biz.moneyforward.com/tax-adjustment
マネーフォワード,マネーフォワード クラウド社会保険,社会保険手続きに関する業務を効率化するクラウド型社会保険手続きソフト。,,https://biz.moneyforward.com/social_insurance
マネーフォワード,マネーフォワード クラウドマイナンバー,法人・個人事業主向けのマイナンバー管理システム。,,https://biz.moneyforward.com/mynumber
マネーフォワード,マネーフォワード クラウド契約,契約管理業務を効率化できる電子契約サービス。,,https://biz.moneyforward.com/contract
マネーフォワード,マネーフォワード クラウド会社設立,会社設立に必要な書類を無料で簡単に作成できるサービス。,,https://biz.moneyforward.com/establish
マネーフォワード,マネーフォワード クラウド開業届,開業手続きに必要な書類を無料で簡単に作成できる個人事業主の開業支援サービス。,,https://biz.moneyforward.com/starting-business
マネーフォワード,マネーフォワード ビジネスカード,SaaS基盤を活用したFintechサービス。事業用プリペイドカード『マネーフォワード ビジネスカード』を提供。,,https://biz.moneyforward.com/biz-pay
マネーフォワード,STREAMED,領収書や通帳など紙の証憑をスキャンするだけで、仕訳データ化する紙証憑の自動記帳サービス。,,https://streamedup.com/
マネーフォワード,Manageboard,クラウド上で簡単に予算策定や予実分析ができる予算管理システム。,,https://service.manageboard.jp/
マネーフォワード,R&AC,導入企業数No.1の入金消込・債権管理特化型クラウドシステム。,,https://www.r-ac.co.jp/
マネーフォワード,Admina,“SaaSの家計簿”のようにSaaSの一元管理を可能にするSaaS管理プラットフォーム。,,https://admina.moneyforward.com/jp
マネーフォワード,マネーフォワード キャリア,会計事務所のネットワークと専門知識、個性・関係性の科学的な理論を用いた会計業界特化の人材紹介サービス。,,https://cpta-hub.biz.moneyforward.com/career
マネーフォワード,BOXIL SaaS,法人向けクラウドサービスを無料で比較し、まとめて資料請求できるSaaS比較サイト。,,https://boxil.jp/
マネーフォワード,BOXIL EXPO,SaaSを中心としたサービスとの最適な出会いを実現するオンライン展示会。,,https://expo.boxil.jp/
マネーフォワード,BALES,営業の効率化と生産性向上で売上の最大化を支援する、インサイドセールスアウトソーシング。,,https://bales.smartcamp.co.jp/
マネーフォワード,BALES CLOUD],インサイドセールス業務を標準化、自動化するセールスエンゲージメントツール。,,https://balescloud.jp/
マネーフォワード,アドシル,SaaS領域のマーケティング戦略立案から運用、実行支援、データ分析までを行うデジタルエージェンシー。,,https://smartcamp.co.jp/adxl
マネーフォワード,BizHint,経営者、決裁者が抱える事業課題を解決する クラウド活用と生産性向上の専門サイト。,,https://bizhint.jp/
マネーフォワード,マネーフォワード ケッサイ,取引先の与信審査から請求書発行、代金回収までの決済業務を一括して代行する企業間後払い決済サービス。,,https://mfkessai.co.jp/kessai/top
マネーフォワード,マネーフォワード トランザクションファイナンス for Startups,スタートアップ向けの補完的な資金調達の選択肢で、売掛債権を早期に資金化できるサービス。,,https://mfkessai.co.jp/startup/top
マネーフォワード,マネーフォワード 請求書カード払い for Startups,請求書のカード払いを実現し、資金繰り改善・支払い業務の効率化をサポートするサービス。,,https://mfkessai.co.jp/invoice-card-pay/top
マネーフォワード,マネーフォワード アーリーペイメント,事業成長を支える新しい資金調達の選択肢で、売掛金を早期に資金化できるファクタリングサービス。,,https://mfkessai.co.jp/ep/top
マネーフォワード,SHIKIN+ [資金プラス],売掛金の早期資金化を実現する、中小企業向けのオンライン型ファクタリングサービス。,,https://bizforward.co.jp/shikinplus/top
マネーフォワード,SEIKYU+,与信や請求業務を代行し、売掛金の入金保証まで行うクラウド型BtoB請求代行サービス。,,https://bizforward.co.jp/seikyuplus/top
マネーフォワード,ビズフォワード 請求書カード払い,請求書のカード払いを実現し、資金繰り改善・支払い業務の効率化をサポートするサービス。,,https://bizforward.co.jp/invoice-card-pay/top
マネーフォワード,HIRAC FUND,テクノロジーによる社会課題解決を目指すスタートアップを支援するアントレプレナーファンド。,,https://www.hirac.co.jp/